parameter,"(16,16)[0]","(16,17)[0]","(15,16)[0]","(17,16)[0]","(16,15)[0]","(15,17)[0]","(17,15)[0]","(17,17)[0]","(15,15)[0]","(16,16)[1]","(16,16)[2]","(15,16)[1]","(16,17)[1]","(17,16)[1]","(16,15)[1]","(16,17)[2]","(15,16)[2]","(17,16)[2]","(16,15)[2]","(16,18)[0]","(14,16)[0]","(18,16)[0]","(16,14)[0]","(15,17)[1]","(15,17)[2]","(17,15)[1]","(17,15)[2]","(14,17)[0]","(15,18)[0]","(18,15)[0]","(17,14)[0]","(17,17)[1]","(15,15)[1]","(15,15)[2]","(17,17)[2]","(16,16)[3]","(16,16)[4]","(16,16)[5]","(16,16)[6]","(16,16)[7]","(17,18)[0]","(14,15)[0]","(18,17)[0]","(15,14)[0]","(15,16)[3]","(16,17)[3]","(17,16)[3]","(16,15)[3]","(15,16)[4]","(16,17)[4]","(16,15)[4]","(17,16)[4]","(15,16)[5]","(16,17)[5]","(16,15)[5]","(17,16)[5]","(16,17)[6]","(15,16)[6]","(17,16)[6]","(16,15)[6]"
-0.018,0.193839785,0.088405473,0.088204642,0.088466036,0.088284146,0.039914126,0.039973636,0.040357272,0.040174734,0.024864637,0.024833626,0.011167477,0.011195654,0.011203774,0.011175654,0.009900928,0.009873098,0.009907763,0.009887306,0.00744387,0.007396726,0.007450954,0.007413778,0.004425411,0.004412063,0.004434288,0.00441928,0.003292703,0.003303222,0.003310435,0.003302128,0.0044674,0.004442714,0.004436553,0.004462551,0.003068664,0.002600754,0.002544973,0.002542663,0.002531408,0.003366622,0.003336349,0.003368781,0.003341264,0.001203635,0.001205302,0.001207724,0.001204095,0.001177663,0.001181935,0.001178889,0.001182034,0.001133435,0.001136284,0.001134216,0.001138063,0.001132431,0.001128885,0.001133151,0.001129519
-0.028,0.193881555,0.088481181,0.08822442,0.088429928,0.088236219,0.039866439,0.039853152,0.040452351,0.040226723,0.024895472,0.024833498,0.011173337,0.011207432,0.011206805,0.011170537,0.00990924,0.009882351,0.009910243,0.009867938,0.00745395,0.007395653,0.007438584,0.007393411,0.00442608,0.004411141,0.004424516,0.004409053,0.00328144,0.003296212,0.003292089,0.003280405,0.004476798,0.004447193,0.004438918,0.004472519,0.003070505,0.002602615,0.002539928,0.002533463,0.002532187,0.003383515,0.00334783,0.003378658,0.003344023,0.001205713,0.001210127,0.001210701,0.001203917,0.001177674,0.001182419,0.001176807,0.001179713,0.001132451,0.00113942,0.001135493,0.001137299,0.001129968,0.001124394,0.001129964,0.001126174
-0.046,0.193910754,0.088454033,0.088237297,0.088441754,0.088249521,0.039725513,0.039716252,0.040575562,0.040375362,0.024915887,0.024808513,0.011173672,0.011205121,0.011204584,0.011172279,0.009909088,0.009879435,0.009905862,0.00987953,0.007445319,0.007398613,0.007439785,0.007401078,0.004412827,0.004399253,0.004412857,0.004397416,0.003262316,0.003273921,0.003269928,0.003260539,0.004486531,0.004459408,0.004456071,0.004482082,0.003072176,0.002599956,0.002539691,0.002532611,0.002525568,0.003400596,0.00336959,0.003399995,0.003368894,0.001205071,0.001208195,0.001209068,0.001204274,0.001176446,0.001181426,0.001176082,0.001179362,0.001133838,0.001138709,0.001134614,0.001138124,0.001128233,0.001124293,0.001127639,0.001123597
-0.065,0.193877914,0.088454738,0.088291795,0.088413096,0.088197823,0.039606587,0.039533515,0.040722748,0.04054295,0.02492299,0.024770783,0.011171057,0.01120849,0.011189662,0.011169597,0.009915526,0.009887944,0.009898552,0.009871172,0.007451375,0.007408325,0.007439893,0.00739307,0.004409374,0.004387769,0.004398739,0.004373703,0.003243924,0.003255119,0.003243818,0.003232648,0.00450089,0.00447403,0.004470114,0.004495383,0.003069432,0.002599754,0.002549499,0.00253658,0.00253187,0.003426421,0.003397065,0.003422113,0.003394436,0.001205467,0.001210897,0.001204667,0.001203584,0.001179468,0.001182064,0.001175617,0.001181643,0.001136571,0.00113975,0.00113408,0.001137526,0.001131666,0.001127347,0.001130609,0.001126875
-0.067,0.19390169,0.088396024,0.08828648,0.08840447,0.088288146,0.039563744,0.0395674,0.040688229,0.040585377,0.024928526,0.024765424,0.011172237,0.011190414,0.011190432,0.011176667,0.009901255,0.009887143,0.009902952,0.009883409,0.007437539,0.007409817,0.007436501,0.00741023,0.004402987,0.004382582,0.004403637,0.004381839,0.003241212,0.003248404,0.003248114,0.003241103,0.004492011,0.004478293,0.004475218,0.004489942,0.003068302,0.002600972,0.002541118,0.002539432,0.00253261,0.003418647,0.003402558,0.003418301,0.003403163,0.001204981,0.001206753,0.001206817,0.001204486,0.001178192,0.001180198,0.001177618,0.001179443,0.001136268,0.001138467,0.001136623,0.00113691,0.001128926,0.00112675,0.001128553,0.001126969
-0.074,0.193940624,0.088433302,0.08826839,0.088409848,0.0882542,0.039510088,0.039488656,0.040772508,0.040611789,0.024942422,0.024770545,0.011173426,0.011205417,0.011196259,0.011173169,0.009907391,0.009890933,0.009907609,0.009882986,0.007439721,0.007404781,0.007430786,0.007401278,0.004403105,0.004378863,0.004396756,0.004374557,0.00323002,0.00324059,0.003234203,0.003227625,0.004501543,0.004480587,0.004476022,0.004499233,0.003070974,0.002602393,0.002540283,0.002535377,0.002524782,0.003431132,0.003406501,0.003427467,0.003404705,0.00120507,0.001209305,0.001207362,0.00120497,0.001176949,0.001179045,0.001176139,0.001178296,0.001136575,0.001140154,0.001134649,0.00113871,0.0011271,0.001123832,0.001127343,0.001121901
-0.089,0.193859288,0.088362513,0.088309731,0.088358315,0.08831504,0.039406866,0.039402116,0.040841542,0.040789941,0.024959273,0.024753495,0.01118384,0.011199325,0.011190889,0.011187384,0.009889105,0.009889631,0.009888547,0.009885629,0.007428264,0.007414142,0.007422003,0.007414696,0.004390174,0.004364736,0.004389061,0.004362422,0.003218264,0.003220675,0.003219339,0.00321696,0.004499479,0.004496286,0.004491775,0.004497541,0.003072656,0.002598746,0.002549629,0.00253454,0.002531335,0.003441746,0.00343164,0.003438076,0.003432676,0.001207275,0.001206417,0.001207063,0.001206378,0.001179418,0.001180127,0.001179451,0.001179292,0.001136331,0.001139596,0.00113728,0.001137385,0.001128295,0.001127564,0.001127225,0.001127465
-0.112,0.193897717,0.088381636,0.088327177,0.088336966,0.08829424,0.039248843,0.039210243,0.04100609,0.040962458,0.024974043,0.02471595,0.011182434,0.011191485,0.011186122,0.011177464,0.009897538,0.009889233,0.009889408,0.00988536,0.007433674,0.007416265,0.007422434,0.007410885,0.004382478,0.004350054,0.00437776,0.004345629,0.003195072,0.003199573,0.003191455,0.003189663,0.004517426,0.004510118,0.00450463,0.004511436,0.003070504,0.002599677,0.002552128,0.002534484,0.002531551,0.003468694,0.003459032,0.003464872,0.003457192,0.001207806,0.001207104,0.001207792,0.001206588,0.001179694,0.001179533,0.001179102,0.001178873,0.001138967,0.001139557,0.001137917,0.001139465,0.001127011,0.001126482,0.001127496,0.001126178
-0.113,0.193929795,0.088394104,0.088266685,0.088389538,0.088272339,0.039221646,0.039216323,0.041038108,0.040911098,0.024978467,0.024712161,0.011176735,0.011193174,0.011195546,0.011170593,0.009907997,0.00988361,0.009903554,0.009893569,0.007434825,0.007402465,0.007433639,0.007407065,0.004379894,0.004349708,0.004380492,0.004351234,0.003187634,0.003197311,0.003195715,0.003188576,0.004523192,0.00450782,0.004499136,0.004519818,0.00307213,0.002601495,0.002548074,0.002536501,0.002534988,0.003473888,0.00344871,0.003472066,0.003451514,0.001206881,0.001209359,0.001208612,0.001206437,0.001175841,0.001180662,0.00117814,0.001179396,0.001139118,0.001139174,0.001138481,0.001141299,0.001127493,0.001126106,0.001128149,0.001123699
-0.136,0.193964611,0.088495699,0.088219601,0.088430089,0.088174707,0.039071278,0.039019075,0.041284389,0.041023777,0.025015345,0.024684789,0.011173158,0.011208508,0.011205558,0.011161484,0.009920838,0.009879234,0.009915053,0.009872653,0.007448889,0.007393247,0.007440009,0.007382188,0.004370299,0.004337712,0.004364031,0.004329595,0.00316331,0.003176082,0.003168839,0.003154683,0.004547667,0.004510734,0.004506327,0.004543619,0.003074302,0.00260018,0.00254905,0.00253466,0.002523062,0.003509347,0.003468602,0.003507353,0.003466311,0.001206355,0.001211068,0.001211314,0.001203308,0.001174786,0.001182009,0.001175306,0.001179811,0.001138581,0.0011425,0.001136471,0.001140724,0.001126476,0.001121351,0.001125111,0.001118737
-0.144,0.193967212,0.088409835,0.088237095,0.088420284,0.088257878,0.038975462,0.038995089,0.041302051,0.041136704,0.025029289,0.024681882,0.011175097,0.011203809,0.011205687,0.011176797,0.009903327,0.00987411,0.009907132,0.009884388,0.007431349,0.007391653,0.007433601,0.007396717,0.004359448,0.004325923,0.004362994,0.004328396,0.003149573,0.003159805,0.003163297,0.003153207,0.004546705,0.004523091,0.004512843,0.004539603,0.003078024,0.002598931,0.002547248,0.002534633,0.002522524,0.003509648,0.003481083,0.003510573,0.003485183,0.001206274,0.001210334,0.001212565,0.00120839,0.00117492,0.001179266,0.001176696,0.001179569,0.001137732,0.001141273,0.001138429,0.001141655,0.001124714,0.001121246,0.001125872,0.001118838
-0.148,0.193965174,0.088446669,0.088245261,0.088403709,0.088205187,0.038963894,0.03892672,0.041352735,0.04115701,0.025021394,0.024681481,0.011175667,0.011208897,0.011200624,0.011170729,0.009915297,0.009883076,0.009903069,0.00988376,0.007444149,0.007398493,0.007430412,0.007393125,0.004362278,0.004323193,0.004356847,0.004317994,0.003148431,0.003158096,0.003153037,0.003144119,0.00455283,0.0045264,0.004517284,0.004545735,0.00307509,0.002599508,0.002551785,0.002536338,0.00252213,0.003521229,0.003488782,0.003517476,0.003489314,0.001206,0.001209537,0.001209452,0.001205708,0.001176382,0.001180036,0.001176549,0.001178885,0.001138286,0.001142093,0.001136432,0.001142195,0.001125041,0.001121486,0.00112442,0.001120108
-0.15,0.193955944,0.088481034,0.088201754,0.088449668,0.088201907,0.038944207,0.038931412,0.041414206,0.041148461,0.02503199,0.024672222,0.011172182,0.011213152,0.011211997,0.011165755,0.009908672,0.009872011,0.009906179,0.009865781,0.007444644,0.007387572,0.007440426,0.007383237,0.004357202,0.00431908,0.004355857,0.00431923,0.003142763,0.003154777,0.003155481,0.003140915,0.004556468,0.004518446,0.004513152,0.004550794,0.003075278,0.00259668,0.002552175,0.002531698,0.002521324,0.003528542,0.00348734,0.003527291,0.003484489,0.001205834,0.001211532,0.001211492,0.001204652,0.001174776,0.001181255,0.001175286,0.001179593,0.001137062,0.001140695,0.001137306,0.00114235,0.001125041,0.001119937,0.001126774,0.00111909
-0.152,0.193971021,0.088486605,0.088224076,0.088452058,0.088152233,0.038947316,0.038904235,0.041425046,0.041131793,0.025033161,0.024669763,0.011169637,0.011213329,0.011209106,0.011164347,0.009913776,0.009880545,0.009913979,0.0098698,0.007447221,0.007392018,0.007438719,0.007374999,0.004359867,0.004324026,0.00435563,0.00431715,0.003145353,0.003157673,0.003150847,0.00313672,0.004557099,0.004520776,0.004511556,0.004553238,0.00307654,0.002598935,0.002549222,0.002535157,0.002524466,0.003530426,0.003485303,0.003528249,0.003480483,0.001205225,0.00121241,0.001210256,0.001205369,0.001176941,0.001179763,0.001173101,0.001180102,0.001137277,0.001144157,0.001136893,0.001141481,0.001126009,0.001119708,0.001124704,0.001120167
-0.154,0.193964227,0.088436272,0.0882321,0.088421601,0.088225598,0.038925587,0.038915947,0.041391466,0.041202871,0.025040205,0.024675277,0.011181492,0.011207919,0.01121011,0.011177107,0.009905553,0.009875996,0.009901281,0.009877005,0.007434889,0.007392846,0.007431975,0.007388152,0.004356211,0.004319583,0.00435555,0.004317462,0.003142679,0.003151407,0.003150426,0.003139701,0.004550791,0.004525027,0.004515921,0.004545426,0.003079898,0.002596675,0.002546865,0.002535268,0.002520364,0.003520984,0.003492504,0.003522477,0.003492758,0.0012078,0.001208432,0.00121166,0.001206033,0.001175306,0.001179278,0.001174986,0.00117895,0.001138271,0.001141823,0.001137775,0.001141294,0.001124287,0.00112011,0.001123189,0.001119018
-0.159,0.193953964,0.088396468,0.088209992,0.088441377,0.088256241,0.038849441,0.038888731,0.041434842,0.041254938,0.025029578,0.024651214,0.011169562,0.011196474,0.011202513,0.011173293,0.009899677,0.009878456,0.009908827,0.00987853,0.007431184,0.007395314,0.007443119,0.007400252,0.004351966,0.004310327,0.004354467,0.004313193,0.003134594,0.003142172,0.003148788,0.003137116,0.004557925,0.004532907,0.004521409,0.004549557,0.003074495,0.00259626,0.002558935,0.00253299,0.002527965,0.00352917,0.00350398,0.003534066,0.003503007,0.001207038,0.001209848,0.001211594,0.001204585,0.001177109,0.001180118,0.001177167,0.001181001,0.001138099,0.001141724,0.001139285,0.001141321,0.001125853,0.001120737,0.001125902,0.001122659
-0.191,0.194006499,0.08837028,0.088264976,0.088354326,0.088285346,0.038643008,0.038645951,0.041621107,0.041538716,0.02506956,0.024611388,0.011184501,0.011196882,0.011198232,0.011183695,0.0098953,0.009887948,0.009896997,0.009891326,0.007417635,0.007396845,0.007417779,0.007404369,0.004336072,0.004292238,0.004338262,0.004292361,0.003101391,0.003107578,0.003108136,0.003105154,0.004563577,0.00455667,0.004548198,0.00455589,0.003081168,0.002594578,0.002553224,0.002535835,0.002521334,0.003555736,0.003544281,0.003555862,0.00354739,0.001208739,0.001209271,0.001209039,0.00120758,0.001174065,0.001176339,0.001177535,0.00117594,0.001140467,0.001141219,0.001139951,0.001142818,0.001119778,0.001120507,0.001121015,0.001119772
-0.198,0.194037867,0.088399895,0.088258362,0.088369921,0.088240738,0.038587862,0.038568038,0.04169551,0.041561723,0.025091725,0.024615434,0.011183378,0.011206799,0.01120387,0.011179559,0.009907602,0.009885862,0.009899417,0.009881,0.007429481,0.007391631,0.007418185,0.007388544,0.004336521,0.004288235,0.004331479,0.004285225,0.003093106,0.003101977,0.0030972,0.003090288,0.004578079,0.004557496,0.004548785,0.004569066,0.003082023,0.002596343,0.00254989,0.002535191,0.002515364,0.003572832,0.003547341,0.003566958,0.003546646,0.001210212,0.001211853,0.001211475,0.001208956,0.001174718,0.001179554,0.001174935,0.001176185,0.001139642,0.001143257,0.001139853,0.00114247,0.001119912,0.001117152,0.001120123,0.001116515
-0.23,0.194081316,0.088358317,0.088250044,0.08834464,0.088276141,0.038340255,0.03835007,0.041917958,0.041832847,0.02511552,0.024561064,0.011187384,0.011193004,0.011202117,0.011184989,0.009893802,0.009894195,0.009906988,0.009885057,0.00740979,0.007391973,0.007416199,0.007392624,0.004317178,0.004262554,0.004318099,0.004264884,0.003059815,0.003061374,0.003065914,0.003058787,0.004593781,0.004581441,0.00457099,0.004581368,0.003081889,0.002595076,0.002555668,0.002538572,0.002513305,0.003598666,0.003587775,0.003604438,0.003586989,0.001212112,0.001210195,0.001212914,0.001207909,0.001174057,0.001176131,0.001174537,0.001176202,0.001140997,0.001143717,0.001143616,0.001142047,0.001119084,0.001115049,0.001117192,0.001117603
-0.256,0.194130178,0.088374632,0.088192331,0.08838657,0.088241714,0.038140379,0.038172459,0.042154267,0.041973471,0.025142452,0.024523699,0.011172663,0.011205726,0.011206484,0.011180572,0.009905727,0.009878368,0.009906519,0.009893977,0.007418839,0.007373134,0.007414735,0.007393156,0.004302657,0.004243134,0.004306536,0.004247591,0.003025818,0.003037948,0.003038973,0.003035023,0.004611234,0.00459074,0.004581751,0.004602957,0.003084962,0.00259306,0.002556368,0.002538684,0.002514896,0.003637709,0.003605527,0.003636707,0.003613284,0.00120877,0.001213254,0.001213249,0.001211202,0.001172082,0.001176094,0.001174583,0.001176529,0.001141433,0.001144215,0.00114176,0.001145957,0.001117016,0.001114612,0.0011184,0.001113571
-0.26,0.194112208,0.088343749,0.08818735,0.088378127,0.088269679,0.038099463,0.03814695,0.042164255,0.042042227,0.025155542,0.024519249,0.011179408,0.011202666,0.011205509,0.011190366,0.009903832,0.009878484,0.009905436,0.00989139,0.007410368,0.007370655,0.007412574,0.00739565,0.004297161,0.004237819,0.004304337,0.004246016,0.003019118,0.003029223,0.003033431,0.003030876,0.004612738,0.004592794,0.004585348,0.004604993,0.003087376,0.002592888,0.002556327,0.002538604,0.002516205,0.003640812,0.003614755,0.003637597,0.003623082,0.001209228,0.001214286,0.001213095,0.001212899,0.001172003,0.001175715,0.001174774,0.001176861,0.001141002,0.00114416,0.001143216,0.001145532,0.00111589,0.001113871,0.001118775,0.001114342
-0.262,0.194075871,0.088350582,0.088231672,0.088354291,0.088225391,0.038109068,0.038100348,0.042190385,0.0420761,0.025151282,0.024514492,0.011189708,0.011205071,0.01120513,0.011184552,0.009905037,0.009880094,0.009899675,0.009881335,0.007415331,0.007383913,0.007414215,0.007383315,0.004300508,0.004238558,0.00429912,0.004236954,0.003023136,0.00303022,0.003027912,0.003021132,0.004613422,0.004594821,0.004586444,0.004605892,0.003088101,0.002590612,0.002566585,0.002536008,0.002517292,0.003644942,0.003624642,0.003644132,0.003622607,0.001211115,0.001212506,0.001211991,0.001210247,0.001175457,0.001177438,0.001175135,0.001177317,0.001142336,0.00114416,0.001142274,0.001145046,0.001117531,0.001114819,0.001118384,0.00111501
-0.263,0.194090998,0.088366613,0.08815961,0.088405113,0.088237172,0.038081846,0.038135824,0.042226191,0.042036739,0.0251634,0.024527793,0.011186674,0.011210036,0.011221052,0.011189462,0.00989909,0.009869517,0.009906451,0.009883298,0.007409919,0.007364038,0.007420688,0.007384891,0.004295752,0.004235464,0.004302424,0.004240466,0.003016079,0.003027318,0.003034015,0.003025114,0.004615773,0.004590338,0.004581434,0.00460727,0.003092406,0.002591826,0.002555023,0.002537317,0.002515399,0.003644747,0.003612319,0.003649143,0.00361967,0.001210385,0.001213822,0.001215014,0.001211244,0.001171481,0.001177681,0.001175735,0.001177871,0.00114123,0.00114483,0.001142427,0.001145866,0.001116621,0.001112861,0.001118455,0.00111317
-0.269,0.194153617,0.088381375,0.088184149,0.088400451,0.088205742,0.038048446,0.038063289,0.042275311,0.042059634,0.025164843,0.024508565,0.011179631,0.011206914,0.011212581,0.011178049,0.009907175,0.009883641,0.009910363,0.009886026,0.00741382,0.007372805,0.007419823,0.007377614,0.004297366,0.004234974,0.004299068,0.004236107,0.003014567,0.003022395,0.00302422,0.003015884,0.004622056,0.00459709,0.004585448,0.004613065,0.00308783,0.002592946,0.00255524,0.002540048,0.002510594,0.003654236,0.003620893,0.003655883,0.003622115,0.001210824,0.001214538,0.001213647,0.001209921,0.001172305,0.001176451,0.001173157,0.001176856,0.001140867,0.001145124,0.001141901,0.001145904,0.001115941,0.001111921,0.001116132,0.001111957
-0.302,0.194205479,0.088397813,0.088173613,0.088381269,0.08816269,0.037819471,0.037809268,0.042528623,0.042313594,0.025192443,0.024459258,0.0111809,0.011213165,0.011211758,0.011178984,0.009913904,0.00987759,0.009909449,0.009882483,0.007415704,0.007365735,0.007412037,0.007368837,0.004280451,0.004211608,0.004280298,0.004208919,0.002978642,0.002989511,0.002987141,0.002978059,0.004642819,0.004611284,0.004603471,0.004634701,0.003093505,0.002590025,0.002559759,0.00254038,0.002510258,0.003694163,0.003657419,0.003692469,0.003661247,0.001210706,0.001215315,0.00121509,0.001211234,0.001172571,0.001176612,0.001172559,0.001175827,0.001142923,0.001145715,0.00113994,0.00114656,0.00111415,0.001110539,0.001115237,0.001108914
-0.315,0.194200829,0.088325029,0.088209519,0.08833546,0.088201995,0.037698687,0.037707954,0.042595291,0.042480144,0.02519698,0.024439978,0.01118561,0.011200183,0.011207957,0.011186427,0.009902031,0.009888689,0.009907787,0.009884518,0.007399334,0.007381142,0.007404131,0.007373286,0.004273309,0.004196852,0.004273152,0.004197107,0.00296528,0.002968708,0.002971352,0.002964187,0.004645646,0.004629953,0.004618876,0.004636858,0.003093371,0.002588416,0.002571115,0.002540036,0.002510605,0.003700782,0.003688205,0.003705966,0.003685091,0.001212606,0.00121334,0.001214514,0.001211442,0.001175634,0.001176595,0.001175035,0.001177439,0.001143085,0.001146002,0.001142368,0.001144402,0.001114811,0.001110365,0.001112802,0.00111162
-0.317,0.194192826,0.088353327,0.088196656,0.088314946,0.088195517,0.037690542,0.037674768,0.04262588,0.042486411,0.025202524,0.024437501,0.011189153,0.011203921,0.011209044,0.011181001,0.009906691,0.009888491,0.00990424,0.009882618,0.007407406,0.007378983,0.007401628,0.007371131,0.004272654,0.004195897,0.004270111,0.004192293,0.002962986,0.002967762,0.002966738,0.002958429,0.004648796,0.004629198,0.004619233,0.004641868,0.003093533,0.002587396,0.002575778,0.002539635,0.00251061,0.003709684,0.003688752,0.003708879,0.003684593,0.00121337,0.001214946,0.001214201,0.001211508,0.001175899,0.001178799,0.001175455,0.001178054,0.001142566,0.001146307,0.001142842,0.001145029,0.001115242,0.001110538,0.001113701,0.001110956
-0.324,0.194233778,0.088395472,0.088164631,0.088387732,0.088123417,0.037664216,0.037643162,0.042717826,0.042472621,0.02521053,0.024433705,0.011183706,0.011215631,0.011215053,0.011178686,0.00991444,0.009879616,0.009912446,0.009871296,0.007411755,0.007369404,0.007414173,0.007349327,0.004272432,0.004192333,0.004268266,0.00419034,0.002957289,0.002967093,0.002965064,0.002949593,0.004656405,0.004623843,0.004612503,0.004647473,0.00309553,0.002586511,0.002562936,0.002541184,0.002508805,0.003719582,0.003687081,0.003723343,0.003678108,0.00121134,0.001214963,0.001216807,0.001210774,0.001173314,0.001177425,0.001171043,0.001178369,0.001142646,0.001145426,0.001141014,0.001146211,0.001114486,0.0011079,0.001113536,0.001108487
-0.325,0.194250058,0.088405609,0.088184173,0.088346433,0.088147547,0.03765653,0.037614087,0.042723915,0.04249689,0.02522263,0.02443154,0.011184693,0.01122093,0.011213835,0.011182611,0.009911755,0.009884134,0.009908138,0.009869371,0.007411774,0.007365478,0.007399794,0.007355342,0.004270063,0.004193515,0.004263747,0.004188307,0.002954768,0.002963861,0.002957865,0.002948637,0.004655344,0.004625713,0.004614794,0.00464994,0.003097653,0.002586737,0.002563781,0.002541114,0.002505869,0.003723718,0.003686663,0.003719252,0.003683026,0.001212845,0.001217146,0.001216012,0.001210293,0.001172884,0.001176668,0.001171885,0.001175206,0.001142442,0.00114721,0.001141406,0.001146055,0.001112553,0.001107314,0.001111907,0.001107584
-0.36,0.194294431,0.088293964,0.088177336,0.088348636,0.088172899,0.03735565,0.037379945,0.042959259,0.042818374,0.025258425,0.024381272,0.011185405,0.011217007,0.011209712,0.011197093,0.009898857,0.009881782,0.009905062,0.009882506,0.007388261,0.007359287,0.007397089,0.00736309,0.004248091,0.004160311,0.004251048,0.004162482,0.002911647,0.00291738,0.002922518,0.002915855,0.004672121,0.00465117,0.004645062,0.004666339,0.003101201,0.002583629,0.002572046,0.002540188,0.002505369,0.003757193,0.003734396,0.003759525,0.003735309,0.00121417,0.001216844,0.001216211,0.001216194,0.001174935,0.001176699,0.001175127,0.00117811,0.001141951,0.001145182,0.001142251,0.001145476,0.001110519,0.001106355,0.001110421,0.001107331
-0.374,0.194351706,0.088333612,0.088120119,0.088348151,0.088168176,0.037259043,0.037283886,0.043088442,0.042889535,0.025272176,0.024355226,0.011189526,0.011213794,0.011222182,0.011186985,0.009910435,0.009880012,0.009910391,0.009879304,0.007393197,0.007349109,0.007392822,0.007352925,0.004243064,0.004152089,0.004243039,0.004154316,0.002897644,0.002907007,0.002907318,0.002899835,0.004681233,0.004653781,0.004647365,0.004677292,0.003106082,0.002583635,0.002569666,0.002543944,0.002502624,0.003776425,0.003744782,0.003776715,0.003743826,0.001213617,0.001218288,0.001217913,0.001212627,0.001173856,0.001177788,0.00117411,0.001176826,0.001141523,0.001146491,0.001141928,0.001146936,0.001108075,0.001103968,0.001108867,0.001104805
-0.377,0.194344764,0.088328056,0.088175536,0.088309819,0.088160418,0.037256105,0.037233751,0.043089826,0.042934693,0.025276111,0.024358367,0.011190695,0.011216247,0.011211799,0.01118703,0.009901111,0.00988124,0.009903825,0.009880788,0.007387838,0.007356181,0.007385842,0.007353379,0.004241237,0.004149874,0.004240891,0.004148422,0.002896487,0.002903714,0.002900475,0.002894203,0.00468127,0.004659553,0.004654204,0.00467734,0.003103115,0.002583419,0.002578132,0.002540274,0.002502824,0.003776352,0.003752039,0.003775525,0.00375169,0.001215452,0.001217872,0.00121884,0.001215321,0.001176538,0.001178547,0.001175571,0.001178143,0.001142442,0.001145375,0.001142469,0.001145676,0.001109164,0.001106059,0.001108553,0.00110511
-0.378,0.194365131,0.088373736,0.088131609,0.088338711,0.088127635,0.037269119,0.037249736,0.043123879,0.042885552,0.025288514,0.024355182,0.01119005,0.011226507,0.011224346,0.011186117,0.009913321,0.009876541,0.009903201,0.009875177,0.00739918,0.007348724,0.007390741,0.007345069,0.004241133,0.004153642,0.004240492,0.004149707,0.002896443,0.002908871,0.002904785,0.002895093,0.004682213,0.004649605,0.004647514,0.004678429,0.003107082,0.002581286,0.002560093,0.002543118,0.002501544,0.003781129,0.003744586,0.003777848,0.003741203,0.001213298,0.001219319,0.001217097,0.001214061,0.001171567,0.001175618,0.001171427,0.001175652,0.00114198,0.001146747,0.001141016,0.001145462,0.001107409,0.001103981,0.001108496,0.001102795
-0.385,0.194383446,0.088307163,0.088155754,0.088298213,0.088189932,0.037183078,0.037202377,0.043138478,0.043015112,0.025294123,0.024340287,0.011194466,0.011215135,0.011217572,0.011201481,0.009899165,0.009882008,0.009901713,0.009885061,0.00738241,0.007350982,0.007381385,0.007360124,0.004234247,0.004143024,0.004235261,0.00414561,0.002886403,0.002893294,0.002894952,0.002890242,0.004681015,0.004662129,0.004660059,0.004677662,0.003108169,0.002580953,0.002566774,0.002542838,0.002499546,0.003781743,0.003761861,0.003781669,0.00376516,0.001214949,0.001217304,0.001218066,0.001214749,0.00117407,0.001175715,0.001173951,0.001175294,0.001141984,0.001145027,0.001142609,0.001145107,0.001105356,0.001104113,0.001107413,0.001104736
-0.402,0.194392293,0.088326028,0.088142059,0.088304992,0.088123067,0.037062489,0.037047107,0.043311073,0.043116738,0.02530952,0.024313691,0.011192907,0.011219542,0.011220335,0.011190282,0.009906973,0.009879285,0.009909586,0.009875914,0.007386999,0.007345992,0.007383349,0.007342722,0.004229403,0.004128847,0.004227837,0.004129328,0.002866647,0.002876764,0.002874612,0.002866428,0.004696838,0.004669989,0.00466708,0.004693663,0.003109725,0.002580799,0.002579164,0.002542852,0.002502566,0.003810215,0.003778293,0.003809468,0.003777086,0.001216547,0.00122,0.001220567,0.0012156,0.001175877,0.001179015,0.001176433,0.001179038,0.00114166,0.001145689,0.001141396,0.001146092,0.001107845,0.00110312,0.001106666,0.001102942
-0.41,0.194437616,0.088330145,0.088138434,0.088304053,0.088132899,0.037016417,0.037002098,0.043366167,0.04318577,0.025321306,0.024308386,0.011204506,0.011220935,0.011228016,0.011187759,0.009901032,0.0098756,0.009901727,0.009879365,0.007382101,0.007345332,0.007380882,0.007340899,0.004223524,0.004124257,0.004222583,0.004122695,0.002861379,0.002868682,0.002867846,0.002858682,0.004698369,0.004672858,0.004668111,0.004696146,0.003112744,0.002576883,0.002563713,0.002542261,0.002497099,0.003816767,0.003788458,0.003816845,0.003786945,0.001216112,0.00121938,0.001218886,0.0012161,0.001172428,0.00117651,0.001173528,0.001176043,0.001141194,0.001144665,0.001141575,0.001145016,0.001105017,0.0011012,0.001104133,0.001099976
-0.438,0.194535417,0.088283358,0.088150595,0.0882645,0.088129904,0.03681612,0.03678936,0.043547116,0.043412084,0.025353003,0.024261591,0.01119958,0.011228255,0.011215611,0.011199196,0.009901533,0.009890825,0.009904359,0.009878606,0.007369597,0.007340642,0.007364767,0.007333753,0.004211527,0.004105855,0.004209154,0.004100765,0.002833364,0.002838787,0.002835162,0.002828046,0.00471254,0.004692555,0.004686681,0.004706552,0.003118832,0.00257669,0.002565933,0.002546547,0.002497303,0.003842945,0.003822407,0.003841262,0.00381876,0.001217983,0.001220751,0.001220516,0.001217469,0.001174378,0.001177274,0.001174005,0.001175988,0.001142236,0.001146054,0.001141722,0.001144149,0.001103278,0.001100001,0.001101481,0.001099419
-0.45,0.194553483,0.088288576,0.088062868,0.088334637,0.088096068,0.036671625,0.036703976,0.043719448,0.043478493,0.025346186,0.024240092,0.011188255,0.011223825,0.011227167,0.011191407,0.00991316,0.009873274,0.009914118,0.009878492,0.007370508,0.007323849,0.007381466,0.0073279,0.004202589,0.004086976,0.004205748,0.00409307,0.002808927,0.002819829,0.002825993,0.00281386,0.004729182,0.004695552,0.004692876,0.004725224,0.003119217,0.002582431,0.00257619,0.002546221,0.002495376,0.00386865,0.00383218,0.00387188,0.003832668,0.001216393,0.0012223,0.001222231,0.001217803,0.001176655,0.001180346,0.00117752,0.001181359,0.001140759,0.001144574,0.0011411,0.001145309,0.00110186,0.001097626,0.001104087,0.001097609
-0.454,0.194589268,0.088305654,0.088088079,0.08830048,0.088093414,0.036666027,0.036670123,0.043728963,0.043516704,0.025361984,0.024227488,0.011193025,0.011227442,0.01122399,0.011195487,0.00990169,0.009878788,0.009912527,0.009875356,0.007368742,0.007327388,0.007371895,0.007327233,0.004201083,0.004088376,0.004201194,0.004088167,0.00281011,0.002817165,0.002819423,0.002810045,0.004729519,0.004697208,0.00469234,0.004720293,0.003122645,0.002576345,0.002573151,0.002546109,0.002491884,0.003868942,0.003836577,0.003870778,0.003837296,0.00121689,0.001222379,0.001223637,0.001217186,0.001175732,0.001178625,0.00117549,0.001179235,0.001140189,0.001144928,0.001140594,0.001144156,0.00110115,0.001096522,0.001101112,0.001096556
-0.463,0.194612486,0.088317414,0.088114942,0.088259158,0.088053252,0.036630411,0.036573571,0.043790422,0.043582913,0.025374873,0.024219237,0.011202758,0.011235377,0.011222917,0.011190732,0.009916362,0.009885064,0.009908589,0.009876241,0.007373336,0.007329279,0.007360594,0.007317741,0.004200484,0.004086949,0.004195111,0.00407816,0.002804285,0.002814798,0.00280612,0.002796159,0.00473538,0.004702767,0.004697747,0.004726694,0.003126401,0.002573799,0.002571669,0.002549651,0.002492239,0.003880839,0.003848691,0.003877009,0.003844402,0.001219329,0.00122432,0.001221354,0.001216932,0.001176596,0.001179074,0.001174213,0.001177449,0.00114125,0.00114584,0.001139566,0.001144061,0.001100296,0.001096249,0.001100086,0.00109515
-0.499,0.194696222,0.088297265,0.08807133,0.088202447,0.088069346,0.03634448,0.03629658,0.044073196,0.043890441,0.025411979,0.024174912,0.011211348,0.011231267,0.011231385,0.011195059,0.009911797,0.009883783,0.009898908,0.00987818,0.0073598,0.007316953,0.00734239,0.007314441,0.004184801,0.004050481,0.004176141,0.004044332,0.002763205,0.00277039,0.002763105,0.002756843,0.004754463,0.004728047,0.004719598,0.004746291,0.003133543,0.002586749,0.00256834,0.002548841,0.002490743,0.00392372,0.003893166,0.003918613,0.003891665,0.001221927,0.001224353,0.001224232,0.001219683,0.001179209,0.001183406,0.001178478,0.001181156,0.001138596,0.001143914,0.001138119,0.001142449,0.001097681,0.001093545,0.001097283,0.001092434
-0.505,0.194734031,0.088266291,0.088080131,0.088223811,0.088050104,0.036289552,0.036264891,0.044113779,0.04393969,0.025408071,0.024145063,0.011200985,0.011223592,0.011227257,0.011196412,0.00991192,0.009887264,0.009909908,0.00987786,0.007355917,0.00731779,0.007348148,0.007306147,0.004178018,0.004047178,0.004176363,0.004043708,0.002755845,0.002763495,0.002761002,0.002751829,0.004759852,0.004733988,0.004721236,0.004748892,0.003131462,0.00259227,0.002570025,0.002551383,0.002490095,0.003929086,0.003901496,0.003927623,0.00389663,0.001220805,0.001224274,0.001224002,0.001219055,0.001179279,0.001182877,0.001179556,0.001182484,0.001140043,0.0011444,0.001139489,0.001143237,0.001097897,0.001093259,0.001096912,0.001093489
-0.546,0.194884074,0.088220508,0.088056544,0.088167697,0.088050457,0.036000483,0.0359754,0.044410286,0.044271791,0.025459863,0.02408731,0.011216597,0.011236307,0.011230339,0.011211145,0.009901607,0.009890975,0.009904188,0.009881104,0.007334333,0.007303098,0.007328072,0.007302069,0.004157912,0.004014627,0.004155235,0.004012123,0.002715031,0.002720816,0.002718084,0.002713739,0.004777045,0.004761085,0.004741851,0.004761362,0.003147094,0.002586023,0.002561964,0.002551936,0.00248663,0.003967645,0.003947084,0.003966899,0.003945954,0.001224174,0.001225397,0.0012256,0.001222771,0.00118014,0.001182621,0.001178997,0.001181361,0.001139618,0.001141371,0.001138026,0.00114116,0.001091937,0.001089169,0.001090787,0.00108899
-0.547,0.194899731,0.088213664,0.088064215,0.088187724,0.088001432,0.035986947,0.035949299,0.044431126,0.044257233,0.025464756,0.02408456,0.011211,0.011239678,0.011230546,0.011209577,0.009915858,0.009892444,0.009906068,0.009883863,0.007336383,0.007303903,0.007328384,0.007289955,0.004158703,0.004017502,0.004155786,0.004010781,0.002711819,0.002719719,0.002714395,0.002707164,0.004783015,0.004762741,0.004742684,0.004765295,0.003147326,0.002588882,0.002564187,0.002554756,0.00248533,0.003974013,0.003946523,0.003969325,0.003942304,0.001224168,0.001228346,0.001226085,0.001222797,0.001181113,0.001183187,0.001179818,0.001182539,0.001140342,0.001142479,0.0011383,0.001141558,0.001091806,0.001088373,0.001091569,0.001088135
-0.554,0.19491574,0.088219619,0.088006269,0.088228595,0.088005716,0.035929637,0.035939974,0.044503022,0.044283677,0.025474413,0.024075733,0.011206426,0.011241623,0.011239872,0.011216129,0.009908394,0.009885336,0.009916167,0.009876216,0.007335652,0.00728934,0.007336069,0.007290477,0.004153861,0.004008548,0.004154202,0.004010141,0.002704047,0.002713301,0.002714086,0.002704456,0.004790892,0.004757883,0.004739078,0.004770406,0.003149999,0.002579215,0.002562535,0.002554058,0.002486295,0.003983235,0.003946814,0.003983335,0.003946091,0.001222929,0.00122819,0.001229033,0.001223043,0.001177363,0.001182245,0.001178976,0.001181927,0.001137925,0.001143233,0.00113813,0.001143663,0.001091323,0.001086375,0.001091123,0.001087954
-0.555,0.19496078,0.088189943,0.088010133,0.088246618,0.088040384,0.035896532,0.035933617,0.044502883,0.044301913,0.02546974,0.024073264,0.011203367,0.011233566,0.011236936,0.011208018,0.009911471,0.009878474,0.009916239,0.009884254,0.007327565,0.007290165,0.007337432,0.007289149,0.004152491,0.004004002,0.004155992,0.004009278,0.002699533,0.002707795,0.002713664,0.002703555,0.004791806,0.004760057,0.004742835,0.004772128,0.003147041,0.002581088,0.002562872,0.002554459,0.002484069,0.003982138,0.003950658,0.003983478,0.003948755,0.001223704,0.001227134,0.001228479,0.001223058,0.001178605,0.001181169,0.001178809,0.001181388,0.00113781,0.001141093,0.001137454,0.001142514,0.001090266,0.001086377,0.001091794,0.001087483
-0.582,0.195052134,0.088205195,0.088022506,0.088183269,0.087961794,0.035732835,0.035702224,0.044719506,0.044507832,0.025516985,0.024028748,0.011218279,0.011249637,0.011242497,0.01121402,0.009916246,0.009883865,0.009910911,0.009878508,0.007321884,0.007286499,0.007316388,0.00727221,0.004143928,0.003987612,0.00413781,0.003984104,0.002675395,0.002682597,0.002679395,0.002670616,0.004807791,0.004777301,0.004752613,0.004780845,0.003160585,0.002573981,0.002559367,0.002557437,0.002483172,0.004011417,0.003980451,0.004010972,0.003976329,0.001224582,0.00123023,0.001229838,0.001225758,0.001178569,0.001181401,0.001177998,0.001180955,0.001138283,0.001143003,0.001136752,0.001141604,0.001088323,0.001084153,0.001088022,0.001083126
-0.605,0.195162327,0.088175191,0.087990634,0.088141653,0.087983264,0.035548021,0.035527789,0.044891479,0.044706373,0.025534088,0.023980409,0.01121895,0.011244415,0.011238712,0.011214989,0.00991299,0.009889351,0.009915303,0.009881451,0.007313061,0.007275484,0.007305596,0.007271623,0.004129169,0.003968302,0.004127374,0.003966632,0.002649631,0.002658113,0.002654672,0.002647735,0.004822765,0.004795957,0.004766387,0.004789929,0.003164614,0.002584475,0.002559356,0.002555925,0.002479308,0.004037784,0.004008448,0.004037133,0.004006974,0.00122711,0.001230681,0.001231305,0.001226093,0.001181197,0.001183632,0.001180219,0.001183107,0.001137124,0.001142112,0.001137108,0.001140487,0.001085477,0.001080968,0.001084141,0.001081062
-0.638,0.195309042,0.08816983,0.087950998,0.088124167,0.087932283,0.035304307,0.0352773,0.045178944,0.044959488,0.025567851,0.023926906,0.011222281,0.011253402,0.011249576,0.011218902,0.009916036,0.009885301,0.009910878,0.00988021,0.00730357,0.007253398,0.00729261,0.007250836,0.004114634,0.003940541,0.004111332,0.003935158,0.002612856,0.002624787,0.002620509,0.002609845,0.004844865,0.004814353,0.004778045,0.004806227,0.003175089,0.002587051,0.00256041,0.002550315,0.002475041,0.0040785,0.004041857,0.004075859,0.004041935,0.001229536,0.001234882,0.001232314,0.001228632,0.001181183,0.001185794,0.001181433,0.001184308,0.001135551,0.001140894,0.001135398,0.001139448,0.001081664,0.001076006,0.001080962,0.001075676
-0.639,0.195287499,0.088123149,0.087994989,0.088104807,0.087931437,0.035302206,0.035266587,0.045161246,0.044998809,0.025572995,0.023928051,0.011229564,0.01125314,0.011245376,0.011224833,0.009911826,0.009888367,0.009903639,0.009883473,0.007292025,0.007267206,0.007287129,0.007252029,0.004113625,0.00394052,0.004109334,0.003933315,0.002616378,0.002620366,0.002616314,0.002609128,0.004841019,0.004817453,0.00478116,0.0048045,0.003176915,0.00258733,0.002560964,0.002550031,0.002476507,0.004075083,0.004050261,0.004073505,0.004045699,0.001230853,0.001234421,0.001232755,0.001228376,0.001182575,0.001184752,0.001180861,0.001184068,0.001137598,0.001139646,0.00113455,0.001138936,0.001081268,0.001078586,0.001080445,0.00107675
-0.648,0.195336152,0.088142339,0.087938571,0.088134918,0.087894111,0.035209252,0.035190514,0.045281521,0.045049844,0.025570096,0.023913291,0.01122119,0.011256794,0.011251551,0.011221863,0.009916428,0.009881814,0.009913386,0.009879052,0.007294821,0.007250232,0.007294661,0.007242233,0.004108456,0.003927173,0.004105806,0.003923485,0.002600041,0.00261054,0.002608127,0.00259767,0.004855494,0.004820661,0.004783871,0.004816537,0.003180031,0.002600186,0.002560325,0.00254945,0.002473011,0.004094121,0.004057893,0.004094286,0.00405508,0.001229575,0.001235261,0.001233876,0.001229356,0.001184466,0.001188483,0.001184025,0.001186531,0.001134751,0.001140644,0.001134646,0.001140259,0.00108054,0.001074979,0.001080185,0.001074642
-0.652,0.195376291,0.088093736,0.087935143,0.088109437,0.087970234,0.035175005,0.035196536,0.045251404,0.045098036,0.025582046,0.023900255,0.01122754,0.011245436,0.011251879,0.011229411,0.009907517,0.009889749,0.009914299,0.009889202,0.007281967,0.007251184,0.007286687,0.007258401,0.004105481,0.003926795,0.004107536,0.00392862,0.002597852,0.002604302,0.002605741,0.002601502,0.004852365,0.004829837,0.004787721,0.004809603,0.003182024,0.002585523,0.002562523,0.002549105,0.00247478,0.004086624,0.004061768,0.0040895,0.004064347,0.001231348,0.001232528,0.001235134,0.001231099,0.001180963,0.001183357,0.001182458,0.0011842,0.001136318,0.001139441,0.001137036,0.001139932,0.001078565,0.001074696,0.001078561,0.001075905
-0.677,0.195485072,0.088090741,0.087965203,0.088051217,0.087898159,0.035021229,0.03497376,0.045461062,0.045308065,0.025618256,0.023864211,0.011239412,0.011263937,0.011252681,0.011235539,0.009908154,0.009893757,0.009903078,0.0098825,0.007272785,0.007249101,0.007264867,0.007235139,0.004097686,0.0039073,0.004091111,0.003898313,0.002576434,0.002580717,0.002574474,0.002569502,0.004862942,0.0048447,0.004797917,0.004816993,0.003194481,0.002587736,0.002562943,0.002544186,0.002471364,0.004116445,0.00409335,0.004113668,0.004088763,0.001233804,0.001237191,0.001235145,0.001232921,0.001182471,0.001185354,0.001181054,0.001183832,0.001136174,0.001138104,0.001135083,0.001137749,0.001074965,0.001072555,0.001074367,0.001071557
-0.687,0.195531176,0.088119183,0.08791701,0.088052746,0.087855942,0.034946617,0.034891589,0.04557593,0.045364523,0.025632617,0.023848705,0.011243489,0.011268528,0.011267668,0.011230924,0.009919521,0.009886998,0.00990393,0.009876361,0.007276764,0.007232691,0.007263634,0.007217954,0.0040932,0.003899106,0.0040863,0.003889481,0.00256154,0.002572293,0.002564506,0.00255387,0.004874575,0.00484558,0.00479648,0.004825583,0.003199405,0.002589319,0.002566031,0.002541494,0.002469998,0.004134537,0.004099715,0.004130325,0.00409452,0.001234064,0.001238546,0.001236773,0.001232534,0.001183156,0.001186084,0.001181125,0.001185099,0.001136282,0.001139462,0.001134512,0.001138664,0.001074872,0.001070489,0.001073919,0.001069512
-0.695,0.195581971,0.088101165,0.087914769,0.08805777,0.087850705,0.03487834,0.034830851,0.04565034,0.045440704,0.025634331,0.023822526,0.011240115,0.011268152,0.011260631,0.011228995,0.009913405,0.009892181,0.009908701,0.009872027,0.007270011,0.007235251,0.007264281,0.007215569,0.004087165,0.003891006,0.004078631,0.00388175,0.002555076,0.002561503,0.002556135,0.002545244,0.004881096,0.004852647,0.004799691,0.004828556,0.003199423,0.002593774,0.002565801,0.002539277,0.002467133,0.004142763,0.00411344,0.004143263,0.004105812,0.001235199,0.001238214,0.001237752,0.001231739,0.001184204,0.001187728,0.001182001,0.001185855,0.001136017,0.001138754,0.001132646,0.00113795,0.001073481,0.001068491,0.001071781,0.001068512
-0.72,0.195722355,0.088035605,0.087894307,0.088012701,0.087883128,0.034677449,0.034662941,0.04580218,0.045662098,0.025668814,0.023779633,0.011247063,0.011262956,0.011263964,0.011241272,0.009911891,0.009884968,0.00990445,0.009889213,0.00725066,0.007218763,0.007244893,0.007218884,0.004073116,0.003868923,0.004071201,0.003867042,0.00252826,0.002533266,0.002531475,0.002526741,0.004893117,0.004871415,0.004812707,0.004832511,0.00320875,0.002590675,0.002566972,0.002535866,0.002465628,0.004163152,0.004138956,0.004161895,0.004139365,0.00123679,0.001239412,0.001239502,0.00123567,0.001182656,0.001185129,0.001183765,0.001186255,0.00113454,0.001138038,0.001134119,0.001136855,0.001068651,0.001065675,0.00106834,0.001065076
-0.723,0.195703881,0.088031546,0.08778786,0.088091459,0.087853017,0.034602035,0.034654003,0.045903248,0.045645541,0.025663978,0.023790959,0.011236362,0.011273828,0.011280449,0.011246923,0.009911253,0.009879616,0.009924794,0.009880873,0.007249735,0.007197697,0.007261034,0.007209995,0.004067277,0.003856024,0.004074721,0.003862635,0.002512697,0.002523996,0.002530387,0.002520393,0.004905594,0.004868978,0.004811719,0.004848419,0.003214195,0.002599249,0.002569907,0.002536596,0.002465304,0.004178158,0.00413664,0.004182709,0.004138749,0.001234732,0.00124014,0.001243386,0.001236909,0.001183188,0.001188032,0.001185049,0.001189415,0.001133067,0.001138843,0.001134693,0.001139982,0.001069674,0.001063408,0.001070118,0.00106595
-0.741,0.195844306,0.088033353,0.087851871,0.087983997,0.087819576,0.034494421,0.034462964,0.046023051,0.045842804,0.025668408,0.023741403,0.011247733,0.011272274,0.01126769,0.011239903,0.009914686,0.009893703,0.009910848,0.00988531,0.007246822,0.007209482,0.00723746,0.007199464,0.004063797,0.00384427,0.004058131,0.00383835,0.002500361,0.002508668,0.00250397,0.002494844,0.004912931,0.004887405,0.004826464,0.004849527,0.003219195,0.002606218,0.00257094,0.002531959,0.002461632,0.004197811,0.004167939,0.004196432,0.004164604,0.001238247,0.001241968,0.001241587,0.001237118,0.001185619,0.00118925,0.001184532,0.001187714,0.001133937,0.001137834,0.00113316,0.001135967,0.001066312,0.001062477,0.001065307,0.001061324
-0.75,0.195883499,0.088065525,0.087855178,0.087979924,0.087763534,0.034471978,0.034396802,0.046106108,0.045871752,0.025691008,0.023726431,0.011255243,0.011283909,0.011273985,0.011240699,0.009920915,0.009885437,0.009905526,0.009878023,0.00724941,0.007202428,0.007230111,0.007182862,0.004060569,0.003844473,0.004053036,0.003834091,0.002495269,0.002505512,0.002495141,0.002485417,0.004918817,0.004888069,0.004821352,0.004852164,0.003226367,0.002600491,0.002569714,0.002530365,0.00246077,0.004209641,0.004170071,0.004203159,0.004162658,0.001239056,0.001243565,0.001241998,0.001236608,0.001185843,0.001188954,0.001183248,0.001187972,0.001134669,0.001138432,0.001132431,0.001137964,0.001065536,0.001060478,0.001064297,0.001059214
-0.751,0.195915444,0.088000836,0.087809345,0.088035294,0.087835791,0.03442226,0.034444739,0.046089948,0.045877188,0.025693062,0.023721039,0.011240459,0.011274476,0.011276127,0.011248467,0.009917404,0.009877157,0.009908647,0.009890251,0.007239148,0.007186558,0.007236362,0.007202224,0.004056587,0.003837453,0.004059709,0.003841862,0.002488743,0.002500842,0.002501249,0.00249554,0.004918495,0.004889266,0.004821754,0.004849606,0.003222782,0.002594147,0.002570496,0.002531561,0.002462145,0.004205937,0.004163835,0.004202403,0.004170929,0.001236192,0.001243152,0.001243015,0.001240174,0.001182415,0.001185179,0.001182485,0.001187561,0.001132963,0.001137426,0.001133826,0.001138643,0.001063805,0.001060026,0.001064763,0.001060586
-0.753,0.195908837,0.087950482,0.087818757,0.088005004,0.087879891,0.03439473,0.034438629,0.04607095,0.045928068,0.025703965,0.023721211,0.011251479,0.011268683,0.011276333,0.011258085,0.009901143,0.009887605,0.009912026,0.009895755,0.007221834,0.007197511,0.007234864,0.007207979,0.004053564,0.003833873,0.004059854,0.003840615,0.002488577,0.00249389,0.002499367,0.002493877,0.004912484,0.004898159,0.004829791,0.004844205,0.003225952,0.002590871,0.002571872,0.002530576,0.002462626,0.004197393,0.004176892,0.004202674,0.004180068,0.001239895,0.001241494,0.001242512,0.001240808,0.001182292,0.001184772,0.001183209,0.001186178,0.001133632,0.001136409,0.001135072,0.001136739,0.001063172,0.001060992,0.001063818,0.001062156
-0.754,0.195880071,0.087992135,0.087815824,0.087992483,0.08781583,0.034383243,0.034391132,0.046136151,0.045942053,0.025699544,0.023721123,0.011254274,0.011272448,0.011281142,0.01124857,0.009917681,0.009879416,0.009908547,0.009892022,0.007233371,0.007195243,0.007231685,0.00719603,0.004054414,0.003831138,0.004054284,0.003831008,0.002484059,0.002491964,0.002492462,0.00248561,0.004922393,0.004894648,0.004828062,0.004852561,0.003226174,0.002607185,0.002571763,0.002530072,0.00246074,0.004212164,0.004178254,0.004209898,0.004179678,0.001239299,0.001244508,0.001242159,0.00124033,0.001186084,0.001189831,0.001185983,0.00118978,0.001134129,0.001138536,0.001132381,0.001137622,0.001063647,0.00106072,0.001064721,0.001059637
-0.797,0.196170294,0.087987827,0.087789385,0.087923193,0.087719369,0.03410026,0.034049001,0.046489094,0.046269197,0.025751818,0.023638246,0.011266015,0.011299838,0.011287185,0.011259394,0.009916656,0.009885895,0.009908098,0.009878477,0.007214439,0.007171121,0.007205345,0.007159997,0.004038217,0.003800753,0.004030179,0.003793114,0.002444037,0.002452539,0.002447129,0.002437817,0.004951363,0.004918196,0.004838557,0.004866771,0.003250667,0.002597186,0.002574596,0.002520864,0.002453682,0.004260059,0.004221445,0.004257011,0.004219589,0.001243636,0.001249025,0.001246818,0.001243405,0.001184844,0.0011885,0.001182883,0.001187359,0.001133259,0.001138233,0.001130861,0.001135826,0.001056925,0.001052854,0.00105681,0.001051585
-0.812,0.196283185,0.087952842,0.087767674,0.087896496,0.087733527,0.033977811,0.033942821,0.046589788,0.046415221,0.025762225,0.023609446,0.011272409,0.011296314,0.011289169,0.011268723,0.009912283,0.009887833,0.009906691,0.009883384,0.007204301,0.007162837,0.007192535,0.00715669,0.004029107,0.003784376,0.004024818,0.003778214,0.002426854,0.002435991,0.002429668,0.002423705,0.00495566,0.004930104,0.004845015,0.004869536,0.003256518,0.002599133,0.002575031,0.002517439,0.00245253,0.004272024,0.004240277,0.004270326,0.00424129,0.001244159,0.001248175,0.00124699,0.001244262,0.001184681,0.00118683,0.001183705,0.001187123,0.00113165,0.001136724,0.001132352,0.001134746,0.001054171,0.001051042,0.001053254,0.001049745
-0.813,0.196271586,0.08795306,0.087770436,0.087882708,0.087707566,0.033955858,0.03389764,0.046635041,0.046433799,0.025765635,0.023612729,0.01127423,0.0113027,0.011289948,0.011264303,0.009916626,0.009886841,0.009899897,0.009884873,0.007206367,0.007165562,0.007185703,0.007156814,0.004029612,0.003781098,0.004019985,0.003772964,0.002424497,0.002432436,0.002422469,0.002417494,0.004961918,0.004935082,0.00484884,0.004874429,0.003257257,0.002603646,0.002575792,0.002518293,0.002449569,0.004283471,0.004248392,0.004275055,0.004244985,0.001246222,0.001250243,0.001247619,0.001243961,0.001186187,0.00119007,0.00118399,0.001188052,0.001134118,0.001137112,0.001132864,0.001136091,0.001054186,0.001050959,0.001052736,0.00104943
-0.838,0.196459391,0.087845082,0.087770754,0.087838334,0.087738368,0.033756477,0.033739945,0.046771618,0.046678988,0.025799345,0.023560521,0.011285165,0.011297587,0.011295331,0.011283151,0.009907097,0.009891846,0.009900319,0.009893891,0.007172687,0.00715458,0.007167918,0.007150077,0.004016261,0.003759201,0.004013633,0.003756523,0.002398991,0.002403648,0.002400446,0.002397653,0.004968757,0.004958088,0.004861651,0.004870781,0.003272639,0.002599093,0.002579315,0.002513116,0.002447487,0.004293457,0.004279636,0.004291728,0.004278354,0.001248501,0.001251203,0.001250398,0.001249639,0.001183836,0.001185103,0.001184518,0.001184883,0.001134502,0.001134311,0.001133592,0.001135218,0.001048282,0.001047109,0.001047763,0.001046463
-0.847,0.196519889,0.087892368,0.087697344,0.087858856,0.087703929,0.033691861,0.033681986,0.046888918,0.046700535,0.025806775,0.023540045,0.011280336,0.01130612,0.011303916,0.011277465,0.009909474,0.009890192,0.009911461,0.009882552,0.007177497,0.007138467,0.007173171,0.007140118,0.004011518,0.003751516,0.004010477,0.003750319,0.002388328,0.002395539,0.002394742,0.002388363,0.004980845,0.00495687,0.004855274,0.004880051,0.003276261,0.002593178,0.00257944,0.00251119,0.002449579,0.004310889,0.004280044,0.004309921,0.00428031,0.00124916,0.001253168,0.001253272,0.001248829,0.001181791,0.00118558,0.001182265,0.001184634,0.001132652,0.001135298,0.001132983,0.00113608,0.001048251,0.001043812,0.001048331,0.001045094
-0.849,0.196506693,0.087878693,0.087664683,0.087902964,0.087683122,0.033663659,0.033678586,0.046941572,0.046709349,0.025811942,0.023534048,0.011276907,0.011311205,0.011312685,0.011281533,0.009907617,0.009873509,0.009913514,0.00987983,0.0071765,0.007128816,0.007180552,0.007130977,0.004005949,0.003746629,0.004008666,0.003747807,0.002384161,0.002393857,0.002394587,0.002385072,0.004987036,0.004951614,0.004853133,0.004885315,0.003279685,0.002602213,0.002577349,0.002509868,0.002446655,0.004317808,0.004278135,0.004320226,0.004279263,0.001248524,0.00125335,0.001253493,0.001248657,0.001183601,0.001186567,0.001183778,0.001188364,0.001130654,0.001136217,0.001131031,0.001136373,0.001047727,0.001043306,0.001048351,0.00104318
-0.853,0.196528461,0.087839974,0.087713028,0.087842629,0.087666354,0.03362554,0.033602208,0.046959847,0.046789223,0.025817687,0.023527299,0.011286163,0.011311745,0.011305626,0.011282882,0.009911258,0.009889636,0.009905886,0.00988732,0.007167896,0.007141074,0.007165982,0.007130275,0.004006612,0.003742637,0.004003149,0.003739211,0.002381373,0.002385828,0.002383223,0.002376173,0.00498893,0.004964738,0.004862757,0.00488445,0.003280349,0.002612167,0.002581273,0.002510213,0.002443438,0.004322526,0.004294636,0.004320211,0.004289254,0.001249927,0.001253806,0.001252765,0.001248227,0.00118689,0.001190556,0.001186206,0.001189219,0.001133495,0.001136485,0.001132677,0.00113673,0.001046329,0.001043526,0.001046158,0.001042415
-0.861,0.196611976,0.087881085,0.087704197,0.087814072,0.087629812,0.033575951,0.033520465,0.047037097,0.046840995,0.025809947,0.023511404,0.011284193,0.011312858,0.011303482,0.011275668,0.009921697,0.009888992,0.009910236,0.009884204,0.007174425,0.007137805,0.007158046,0.007118902,0.004005165,0.00373735,0.003999002,0.003730118,0.002372852,0.002379798,0.00237203,0.002364886,0.004996255,0.004968824,0.004865001,0.004892553,0.003283252,0.002612193,0.002582869,0.002508705,0.002443732,0.004335736,0.004303474,0.004330221,0.0042966,0.001251076,0.001254707,0.001252744,0.001249598,0.001186836,0.001189636,0.00118432,0.001188184,0.001131956,0.001136742,0.001132162,0.001136023,0.001045981,0.001042741,0.001045162,0.001040724
-0.893,0.196836654,0.087807922,0.087687321,0.087734521,0.087623984,0.033354158,0.033298289,0.047259582,0.047135649,0.025860664,0.02344415,0.011306004,0.011324949,0.011313791,0.011299431,0.009905242,0.009892927,0.009898223,0.009882992,0.00714511,0.007120194,0.007130152,0.007109846,0.003990107,0.003711344,0.003983292,0.003702943,0.002343572,0.002348514,0.002340602,0.002337711,0.005007603,0.004991525,0.004874684,0.004889442,0.003306104,0.002597651,0.002583666,0.002499763,0.002439524,0.00436009,0.004340021,0.004356003,0.004337694,0.00125536,0.001257692,0.001256204,0.001255065,0.001183777,0.001185473,0.001182675,0.00118463,0.001132518,0.001135846,0.001132945,0.001133944,0.0010391,0.001036928,0.001037192,0.001036077
-0.9,0.196886494,0.087755065,0.087628482,0.087770467,0.087647569,0.033255914,0.033265526,0.047343837,0.047204556,0.025868827,0.023423364,0.011301912,0.011323821,0.011319953,0.011306094,0.009905711,0.009882293,0.009904632,0.009890276,0.00713371,0.007101581,0.007135236,0.007111809,0.003979796,0.003696782,0.003983508,0.003699965,0.002328814,0.002335466,0.002337081,0.002331982,0.00501621,0.004996716,0.004876178,0.004891527,0.003308527,0.002608186,0.00258487,0.002496622,0.002437363,0.004370368,0.004344507,0.004369387,0.004348367,0.001254714,0.001257024,0.001258068,0.001255838,0.001184698,0.001186602,0.001184742,0.001187542,0.001132491,0.001133896,0.001132488,0.001133797,0.001036565,0.001033777,0.001037186,0.0010342
-0.944,0.197216081,0.08774642,0.087576266,0.087661478,0.087518231,0.032941406,0.032880971,0.047743947,0.047578688,0.025925112,0.023335147,0.011328608,0.011351192,0.011336286,0.011316809,0.009903651,0.009888079,0.009899691,0.009873288,0.007113297,0.007078641,0.00709691,0.007067311,0.003963816,0.003661726,0.003954004,0.003652047,0.002287467,0.002293762,0.002284843,0.002280292,0.005049298,0.005027599,0.004886432,0.004908545,0.003339116,0.002604306,0.002586812,0.002486631,0.00242917,0.004424754,0.004397039,0.004420371,0.004393216,0.001261469,0.001265611,0.001263367,0.001259222,0.001183894,0.001187117,0.001181653,0.001185558,0.001131653,0.001137091,0.001131018,0.001133931,0.001029786,0.001026326,0.001027613,0.001025632
-0.956,0.197319584,0.08771123,0.087582483,0.087632247,0.0874859,0.032848474,0.032781758,0.047837686,0.047686871,0.025937184,0.023308896,0.0113312,0.011354162,0.011339172,0.011321748,0.009905585,0.009887199,0.00989841,0.009878894,0.007102156,0.007071442,0.007086226,0.007055551,0.003957923,0.003647707,0.003949994,0.003642246,0.002272434,0.00228078,0.002272647,0.002266272,0.005056783,0.005037973,0.004892402,0.004909463,0.003348254,0.002611567,0.002589688,0.00248413,0.002427803,0.004436601,0.004411328,0.00443082,0.004404782,0.001263445,0.00126683,0.001264058,0.001262333,0.001184533,0.001186113,0.001183568,0.001187104,0.001132098,0.001135284,0.001131302,0.001134289,0.001027584,0.001024339,0.001025848,0.001023212
-0.974,0.197431131,0.087657819,0.087468948,0.087671437,0.087427188,0.032664465,0.032650069,0.048061738,0.047814122,0.025954686,0.023264543,0.011331007,0.011367974,0.011359485,0.011329304,0.009911796,0.009880572,0.009904771,0.009880267,0.007088518,0.007047402,0.007090252,0.00703945,0.003943662,0.003627128,0.003942114,0.003624574,0.002248181,0.002256357,0.002256252,0.002245138,0.005079251,0.005048489,0.004891595,0.004924284,0.00336065,0.002619271,0.002594857,0.002478125,0.002425433,0.004467848,0.004424671,0.004467186,0.004423175,0.001263675,0.001269746,0.001267248,0.001262681,0.001184415,0.001188391,0.001183978,0.001189452,0.001132033,0.001136946,0.001131777,0.001135919,0.001024094,0.001019544,0.001024052,0.001018886
-0.996,0.197610951,0.087630009,0.087434637,0.087599381,0.087405863,0.032492631,0.032466253,0.048256789,0.048032626,0.025982893,0.023211589,0.011344026,0.011375747,0.011367674,0.011341715,0.009908158,0.009877522,0.009901053,0.009875202,0.007074031,0.007033032,0.007064443,0.007029474,0.003930801,0.003604859,0.003928553,0.003600854,0.002226088,0.002233733,0.002227897,0.0022242,0.005094692,0.005064852,0.004898048,0.004927618,0.003376146,0.00262567,0.002594925,0.002472524,0.002419342,0.004492983,0.004453514,0.004489833,0.004452119,0.001266717,0.001270818,0.001269704,0.001265817,0.001184841,0.001188587,0.001184439,0.001188195,0.001131785,0.001135838,0.001130904,0.001134237,0.001019257,0.001014562,0.001018318,0.001014362
-0.999,0.197658259,0.087636175,0.087535955,0.08750665,0.08739572,0.03251897,0.032415845,0.048218068,0.04811092,0.026001174,0.023217355,0.011365805,0.011381519,0.01136326,0.011350942,0.009908537,0.009884889,0.009874162,0.009875511,0.007071472,0.007043565,0.00703787,0.007018096,0.003934354,0.003609714,0.003920638,0.003593692,0.002228076,0.002235537,0.002220612,0.002215877,0.005085998,0.005073323,0.004904288,0.00491552,0.003383327,0.002611689,0.002591966,0.002469965,0.002417434,0.00448715,0.004465809,0.004472472,0.004458501,0.001269997,0.001271437,0.001268078,0.00126682,0.001184839,0.001186953,0.001182258,0.00118346,0.001134667,0.001134642,0.001130788,0.001133398,0.001017208,0.001016292,0.001015685,0.001013634
-1,0.200142667,0.088298581,0.088254121,0.087821569,0.087774503,0.048421192,0.047867026,0.032318491,0.032286126,0.026230283,0.02323555,0.011325791,0.011316516,0.011255714,0.011250318,0.009880537,0.009873073,0.009792458,0.009788077,0.00693387,0.006924382,0.006827608,0.006820778,0.005068047,0.004989733,0.004865426,0.004788623,0.004390927,0.00438721,0.004290879,0.004288673,0.003863521,0.003856969,0.003551982,0.003547879,0.003340424,0.002643397,0.002593624,0.002471438,0.002380793,0.002156628,0.002152469,0.002136188,0.002132758,0.001253286,0.001251295,0.001243003,0.001241813,0.001185596,0.001184854,0.001177082,0.001176032,0.001126671,0.001125712,0.001116357,0.001115575,0.000998627,0.000998198,0.00098873,0.000988196
-1.5,0.202422688,0.085640063,0.08553707,0.085288934,0.085186908,0.053502707,0.053040513,0.027935132,0.027863403,0.027069904,0.021751944,0.011988406,0.011972578,0.011931936,0.011915886,0.009925541,0.009910437,0.009862208,0.009847093,0.006536183,0.006515929,0.006464654,0.006445965,0.005671682,0.005604574,0.005012539,0.004954787,0.005099844,0.005091385,0.005014982,0.005007711,0.003636991,0.003625537,0.003096623,0.003086724,0.004026704,0.00284735,0.00277934,0.002352527,0.002318221,0.001674379,0.001666709,0.001662955,0.001655646,0.001384791,0.001382407,0.001377294,0.001375104,0.00124691,0.001245341,0.001237221,0.00123553,0.00117601,0.001174195,0.001169757,0.001168,0.00089992,0.000898762,0.000893298,0.00089215
-2,0.219114361,0.081999181,0.081988856,0.081522812,0.081509935,0.061001165,0.06028169,0.022737385,0.022731361,0.028758461,0.019112664,0.013881053,0.01387943,0.013782671,0.013781594,0.009229776,0.009228495,0.009146001,0.009144482,0.005498757,0.005497445,0.005410046,0.005406711,0.006198722,0.006095854,0.004561204,0.004484886,0.005277193,0.005276921,0.005156318,0.005155341,0.003065249,0.003064127,0.00237569,0.002374876,0.005408109,0.002878417,0.002834777,0.001959737,0.001933464,0.001084555,0.00108392,0.001073484,0.001072842,0.00148047,0.001480293,0.001467455,0.001467047,0.001286053,0.001285621,0.001273165,0.001272564,0.001048707,0.001048645,0.001040367,0.001040249,0.00065089,0.000650648,0.000642998,0.000642829
-2.1,0.218474313,0.079596642,0.079582185,0.079229002,0.079219446,0.062796477,0.0622107,0.021491421,0.021486002,0.029328937,0.018440408,0.014616533,0.01461606,0.014534979,0.014533656,0.00921839,0.009217968,0.009154791,0.009152113,0.005378418,0.005376659,0.005307878,0.005306161,0.006610109,0.006521371,0.004568468,0.004508997,0.005512436,0.005511986,0.005409757,0.005408583,0.00299486,0.002993755,0.002303482,0.002302707,0.005873617,0.003088416,0.003000911,0.001947131,0.001909703,0.001006522,0.001006055,0.000998216,0.000997713,0.001589913,0.001589649,0.001577811,0.001577755,0.001358644,0.001358394,0.001347437,0.001347173,0.001083982,0.001083736,0.001076788,0.001076598,0.000664409,0.000663991,0.000653072,0.000653279
-2.2,0.222841315,0.077675148,0.077671895,0.07732913,0.077317968,0.065030619,0.064428953,0.020233665,0.020230295,0.029938293,0.017618228,0.015504817,0.015503758,0.015415863,0.015415206,0.008969257,0.008967177,0.008907505,0.008907073,0.005119741,0.005118868,0.005053586,0.00505145,0.006839296,0.006748204,0.004417151,0.004359246,0.005524452,0.00552323,0.005420804,0.005419242,0.002822508,0.002821827,0.002152732,0.002152146,0.006355239,0.003168116,0.003053569,0.001846434,0.00177975,0.000896696,0.00089642,0.000889362,0.000889022,0.001669831,0.001669824,0.001656962,0.001656614,0.001356567,0.00135644,0.001345859,0.001345694,0.001053661,0.001053544,0.001046807,0.001046472,0.000645404,0.000645744,0.000634284,0.000633563
-2.3,0.228069575,0.075338184,0.075292471,0.075005704,0.074956358,0.067438906,0.066830645,0.018925982,0.018902472,0.030662178,0.016750198,0.016657113,0.016649995,0.016563524,0.016556373,0.008674697,0.008668054,0.008618911,0.008612117,0.004829461,0.00482316,0.00476749,0.004760234,0.007092107,0.00700507,0.004238568,0.004183856,0.00546783,0.005463092,0.005367906,0.005362303,0.002636871,0.002632175,0.001992866,0.001989929,0.006934035,0.003242434,0.003134131,0.001740315,0.001641402,0.000785955,0.000783914,0.000779916,0.00077724,0.001786381,0.001785544,0.001772491,0.001771667,0.00134365,0.001341798,0.001334023,0.001332015,0.00101082,0.00100918,0.001003403,0.001002182,0.000621931,0.000621493,0.000611309,0.000610504
-2.4,0.234017401,0.072506126,0.072523029,0.072192452,0.072210111,0.07014708,0.069543886,0.01754342,0.017551087,0.031504467,0.015799572,0.018010514,0.018012424,0.017915067,0.017917414,0.008319234,0.00832183,0.008266099,0.008269063,0.004513911,0.004516161,0.004456847,0.004459551,0.007375946,0.007287296,0.004033815,0.003983596,0.00537176,0.005373692,0.005276294,0.005278701,0.002423576,0.002424889,0.001831151,0.001832094,0.007508959,0.003334895,0.003218552,0.001629006,0.001489304,0.000676625,0.000677118,0.000671067,0.000671669,0.001926882,0.00192715,0.001912739,0.00191301,0.001313688,0.001314197,0.001304333,0.001304921,0.000963491,0.000963757,0.000956852,0.00095744,0.000595273,0.000595511,0.000584574,0.000584727
-2.5,0.240847458,0.069191514,0.069147983,0.06893237,0.068891897,0.07318522,0.072654502,0.016134221,0.016116563,0.032504533,0.01474129,0.019607408,0.019601943,0.019519791,0.01951554,0.007919113,0.007913942,0.007876245,0.007872072,0.004182666,0.00417517,0.004136682,0.004131592,0.007718019,0.00764072,0.003794354,0.003752879,0.005233533,0.005227924,0.005152242,0.00514832,0.002183489,0.002180296,0.001668852,0.001667003,0.008063594,0.003442823,0.003337594,0.001507466,0.00131841,0.00056931,0.000567812,0.000565133,0.000563938,0.002100291,0.002099722,0.002087523,0.002086897,0.001261305,0.001259525,0.001253454,0.001251748,0.000910579,0.000909719,0.000905343,0.00090479,0.000566074,0.000565065,0.000557212,0.000556521
-2.6,0.248278809,0.065483806,0.065473444,0.065204656,0.065192688,0.076578004,0.075943373,0.014710438,0.014706144,0.033643763,0.013669284,0.021366482,0.021364644,0.021261751,0.021259958,0.007482349,0.007480851,0.007437293,0.007436152,0.003839392,0.003838103,0.003792025,0.003790732,0.008113867,0.008024163,0.003551201,0.003508218,0.005055283,0.005054237,0.004966951,0.004966107,0.001937265,0.001936386,0.001510108,0.001509615,0.008506811,0.003554735,0.003476349,0.001387943,0.001141421,0.000469174,0.000468889,0.000465336,0.000465076,0.00229967,0.002299438,0.002284258,0.002284012,0.001192817,0.001192242,0.001184734,0.001184121,0.000852897,0.000852713,0.000847259,0.000847083,0.000532372,0.000532127,0.00052376,0.000523514
-2.7,0.25619438,0.061516208,0.061509976,0.061257365,0.061254858,0.080144541,0.079485469,0.013348383,0.013347253,0.03480835,0.012593316,0.023204076,0.023204529,0.023092607,0.023091352,0.006995581,0.006995874,0.006954614,0.0069544,0.003512096,0.003511642,0.003469194,0.003468893,0.008520281,0.008424953,0.003300382,0.003261266,0.004846207,0.004846248,0.004763057,0.00476276,0.001694004,0.001693747,0.001358763,0.001358327,0.008796555,0.003691345,0.003605192,0.001268994,0.00097102,0.000381338,0.000381283,0.000378258,0.000378188,0.002504619,0.002504084,0.00248765,0.002487291,0.001112046,0.001111823,0.001104358,0.001104247,0.000794453,0.000794347,0.000789178,0.000789089,0.000499692,0.000499271,0.000491521,0.00049121
-2.8,0.264433205,0.057330881,0.057314425,0.05708068,0.057064859,0.083982489,0.083266164,0.012033371,0.012027655,0.036071438,0.011513683,0.02506047,0.025056425,0.024938643,0.024932913,0.006501234,0.006498825,0.006461943,0.006459253,0.003195969,0.003193432,0.003156155,0.003152889,0.00898503,0.008881636,0.003048316,0.003011498,0.004622009,0.004619104,0.004540326,0.004536907,0.0014534,0.001452304,0.001213345,0.001212603,0.008893578,0.003842495,0.003770256,0.001153414,0.000870522,0.000302668,0.000302327,0.000300199,0.000299855,0.00272292,0.00272183,0.002704385,0.002703825,0.001011493,0.00101066,0.001004434,0.001003655,0.00073523,0.000734872,0.00073027,0.000729871,0.000465042,0.00046485,0.000457461,0.000457258
-2.9,0.272523336,0.053093501,0.053090713,0.05289262,0.052889204,0.087995181,0.087341912,0.010805635,0.010804395,0.037284263,0.010475845,0.026780763,0.026780344,0.02667028,0.026668067,0.006001184,0.006000899,0.005968438,0.005967904,0.002900596,0.002900454,0.002869558,0.002868729,0.009474923,0.009380212,0.002804477,0.002774481,0.004395811,0.00439563,0.00432517,0.004324996,0.001228805,0.001228554,0.001077911,0.001077824,0.008781415,0.00401662,0.003923431,0.001041193,0.000859322,0.000234802,0.000234754,0.000233198,0.000233106,0.002927487,0.002927454,0.002910958,0.002910867,0.000894623,0.000894315,0.000889143,0.000888837,0.000674671,0.000674632,0.0006702,0.000670231,0.000429225,0.000429212,0.000422579,0.000422582
-3,0.284849435,0.0493036,0.049306786,0.049072415,0.049080386,0.092216841,0.091406829,0.009693056,0.009694323,0.038496114,0.009489862,0.028365443,0.028366204,0.028227162,0.028228448,0.005427259,0.005428539,0.005393847,0.005394207,0.00257906,0.002579684,0.002545302,0.002546867,0.009745799,0.009634574,0.002521813,0.002489832,0.004044741,0.004045423,0.003971759,0.003972342,0.000990723,0.000991122,0.000936215,0.000936533,0.00848471,0.00397172,0.003948921,0.000915689,0.000809344,0.000172384,0.000172458,0.000170968,0.000171045,0.003040448,0.003040685,0.003020757,0.003021142,0.000715549,0.000716,0.000710323,0.000710684,0.000588521,0.000588633,0.000584415,0.000584538,0.000369162,0.000369138,0.000362926,0.000363263
-3.5,0.311598324,0.035392386,0.035388604,0.035354161,0.035350665,0.109498196,0.109281373,0.00602565,0.006024215,0.043576744,0.006012964,0.030186199,0.030184563,0.030155142,0.030153402,0.00401783,0.004017251,0.004011712,0.004011392,0.001739682,0.001739283,0.001733124,0.00173276,0.012377268,0.012349612,0.001736012,0.001730041,0.003445005,0.003444179,0.003425965,0.003425463,0.000593459,0.000593309,0.000483447,0.00048323,0.005954617,0.004854372,0.004799119,0.000592145,0.000585991,5.50E-05,5.49E-05,5.48E-05,5.48E-05,0.003404784,0.003404561,0.003400229,0.003399992,0.000450828,0.000450708,0.000449905,0.000449788,0.000401827,0.000401556,0.00040121,0.000401053,0.000377486,0.000377467,0.000376671,0.00037665
-4,0.336539082,0.028533521,0.028532662,0.028480199,0.028479734,0.124615447,0.124178698,0.00397598,0.003975835,0.045707186,0.004996545,0.027544168,0.027543651,0.02749335,0.027493007,0.003118336,0.003118164,0.003110611,0.003110552,0.001209306,0.001209243,0.00120296,0.00120297,0.013850007,0.013788216,0.001785689,0.001775094,0.003096577,0.003096409,0.003073886,0.003074213,0.000371484,0.00037147,0.00026271,0.000262721,0.004905408,0.003975475,0.0039737,0.00052265,0.000371563,2.11E-05,2.11E-05,2.10E-05,2.10E-05,0.003006516,0.003006441,0.002999048,0.002998966,0.000337456,0.000337467,0.000336541,0.000336582,0.000324275,0.000324276,0.000323427,0.000323474,0.000267229,0.00026721,0.000266357,0.000266334
-5,0.358895242,0.020430532,0.020429822,0.020403471,0.020403485,0.148828809,0.148498152,0.001861894,0.001861851,0.046514058,0.005007865,0.020397572,0.020397239,0.020370652,0.02037053,0.00217664,0.002176656,0.002172994,0.002172946,0.000655091,0.000655084,0.000652828,0.000652825,0.016524846,0.016473598,0.002057679,0.002050288,0.002921682,0.002921645,0.002908554,0.002908606,0.000169496,0.000169494,0.000100069,0.000100069,0.004892331,0.001861896,0.001861846,0.000492097,0.000333142,5.37E-06,5.36E-06,5.35E-06,5.35E-06,0.002173104,0.002173117,0.002169365,0.002169369,0.000231287,0.000231272,0.000230781,0.000230785,0.000230812,0.000230808,0.000230304,0.000230307,0.00018481,0.000184827,0.000184229,0.000184229